{
  "type": "python",
  "neverRecomputeExistingPartitions": false,
  "optionalDependencies": false,
  "params": {
    "envSelection": {
      "envMode": "INHERIT"
    },
    "containerSelection": {
      "containerMode": "INHERIT"
    },
    "skipPrerunValidate": false
  },
  "customMeta": {
    "kv": {}
  },
  "redispatchPartitioning": false,
  "maxRunningActivities": 0,
  "inputs": {
    "main": {
      "items": [
        {
          "ref": "Spectral_Features_Normalized",
          "deps": []
        },
        {
          "ref": "Pixel_Mask",
          "deps": []
        }
      ]
    }
  },
  "outputs": {
    "main": {
      "items": [
        {
          "ref": "Classification_Map",
          "appendMode": false
        }
      ]
    }
  },
  "versionTag": {
    "versionNumber": 18,
    "lastModifiedBy": {
      "login": "admin"
    },
    "lastModifiedOn": 1561136917321
  },
  "creationTag": {
    "versionNumber": 0,
    "lastModifiedBy": {
      "login": "admin"
    },
    "lastModifiedOn": 1560979471625
  },
  "tags": [],
  "customFields": {},
  "checklists": {
    "checklists": []
  }
}