{
  "type": "Filesystem",
  "managed": true,
  "formatType": "csv",
  "checklists": {
    "checklists": []
  },
  "checks": [],
  "customMeta": {
    "kv": {}
  },
  "flowOptions": {
    "virtualizable": false,
    "rebuildBehavior": "NORMAL",
    "crossProjectBuildBehavior": "DEFAULT"
  },
  "readWriteOptions": {
    "preserveOrder": false,
    "writeBuckets": 1,
    "forceSingleOutputFile": false,
    "defaultReadOrdering": {
      "enabled": false,
      "rules": []
    }
  },
  "formatParams": {
    "style": "unix",
    "charset": "utf8",
    "separator": "\t",
    "quoteChar": "\"",
    "escapeChar": "\\",
    "dateSerializationFormat": "ISO",
    "arrayMapFormat": "json",
    "hiveSeparators": [
      "\u0002",
      "\u0003",
      "\u0004",
      "\u0005",
      "\u0006",
      "\u0007",
      "\b"
    ],
    "skipRowsBeforeHeader": 0,
    "parseHeaderRow": false,
    "skipRowsAfterHeader": 0,
    "probableNumberOfRecords": 0,
    "normalizeBooleans": false,
    "normalizeDoubles": true,
    "readAdditionalColumnsBehavior": "INSERT_IN_DATA_WARNING",
    "readMissingColumnsBehavior": "DISCARD_SILENT",
    "readDataTypeMismatchBehavior": "DISCARD_WARNING",
    "writeDataTypeMismatchBehavior": "DISCARD_WARNING",
    "fileReadFailureBehavior": "FAIL",
    "compress": "gz"
  },
  "partitioning": {
    "ignoreNonMatchingFile": false,
    "considerMissingRequestedPartitionsAsEmpty": false,
    "dimensions": []
  },
  "versionTag": {
    "versionNumber": 2,
    "lastModifiedBy": {
      "login": "admin"
    },
    "lastModifiedOn": 1561134094657
  },
  "creationTag": {
    "versionNumber": 0,
    "lastModifiedBy": {
      "login": "admin"
    },
    "lastModifiedOn": 1560956936705
  },
  "tags": [],
  "params": {
    "connection": "filesystem_managed",
    "path": "${projectKey}/Pixel_Mask",
    "notReadyIfEmpty": false,
    "filesSelectionRules": {
      "mode": "ALL",
      "excludeRules": [],
      "includeRules": [],
      "explicitFiles": []
    }
  },
  "schema": {
    "columns": [
      {
        "name": "0",
        "type": "bigint"
      },
      {
        "name": "1",
        "type": "bigint"
      },
      {
        "name": "2",
        "type": "bigint"
      },
      {
        "name": "3",
        "type": "bigint"
      },
      {
        "name": "4",
        "type": "bigint"
      },
      {
        "name": "5",
        "type": "bigint"
      },
      {
        "name": "6",
        "type": "bigint"
      },
      {
        "name": "7",
        "type": "bigint"
      },
      {
        "name": "8",
        "type": "bigint"
      },
      {
        "name": "9",
        "type": "bigint"
      },
      {
        "name": "10",
        "type": "bigint"
      },
      {
        "name": "11",
        "type": "bigint"
      },
      {
        "name": "12",
        "type": "bigint"
      },
      {
        "name": "13",
        "type": "bigint"
      },
      {
        "name": "14",
        "type": "bigint"
      },
      {
        "name": "15",
        "type": "bigint"
      },
      {
        "name": "16",
        "type": "bigint"
      },
      {
        "name": "17",
        "type": "bigint"
      },
      {
        "name": "18",
        "type": "bigint"
      },
      {
        "name": "19",
        "type": "bigint"
      },
      {
        "name": "20",
        "type": "bigint"
      },
      {
        "name": "21",
        "type": "bigint"
      },
      {
        "name": "22",
        "type": "bigint"
      },
      {
        "name": "23",
        "type": "bigint"
      },
      {
        "name": "24",
        "type": "bigint"
      },
      {
        "name": "25",
        "type": "bigint"
      },
      {
        "name": "26",
        "type": "bigint"
      },
      {
        "name": "27",
        "type": "bigint"
      },
      {
        "name": "28",
        "type": "bigint"
      },
      {
        "name": "29",
        "type": "bigint"
      },
      {
        "name": "30",
        "type": "bigint"
      },
      {
        "name": "31",
        "type": "bigint"
      },
      {
        "name": "32",
        "type": "bigint"
      },
      {
        "name": "33",
        "type": "bigint"
      },
      {
        "name": "34",
        "type": "bigint"
      },
      {
        "name": "35",
        "type": "bigint"
      },
      {
        "name": "36",
        "type": "bigint"
      },
      {
        "name": "37",
        "type": "bigint"
      },
      {
        "name": "38",
        "type": "bigint"
      },
      {
        "name": "39",
        "type": "bigint"
      },
      {
        "name": "40",
        "type": "bigint"
      },
      {
        "name": "41",
        "type": "bigint"
      },
      {
        "name": "42",
        "type": "bigint"
      },
      {
        "name": "43",
        "type": "bigint"
      },
      {
        "name": "44",
        "type": "bigint"
      },
      {
        "name": "45",
        "type": "bigint"
      },
      {
        "name": "46",
        "type": "bigint"
      },
      {
        "name": "47",
        "type": "bigint"
      },
      {
        "name": "48",
        "type": "bigint"
      },
      {
        "name": "49",
        "type": "bigint"
      },
      {
        "name": "50",
        "type": "bigint"
      },
      {
        "name": "51",
        "type": "bigint"
      },
      {
        "name": "52",
        "type": "bigint"
      },
      {
        "name": "53",
        "type": "bigint"
      },
      {
        "name": "54",
        "type": "bigint"
      },
      {
        "name": "55",
        "type": "bigint"
      },
      {
        "name": "56",
        "type": "bigint"
      },
      {
        "name": "57",
        "type": "bigint"
      },
      {
        "name": "58",
        "type": "bigint"
      },
      {
        "name": "59",
        "type": "bigint"
      },
      {
        "name": "60",
        "type": "bigint"
      },
      {
        "name": "61",
        "type": "bigint"
      },
      {
        "name": "62",
        "type": "bigint"
      },
      {
        "name": "63",
        "type": "bigint"
      },
      {
        "name": "64",
        "type": "bigint"
      },
      {
        "name": "65",
        "type": "bigint"
      },
      {
        "name": "66",
        "type": "bigint"
      },
      {
        "name": "67",
        "type": "bigint"
      },
      {
        "name": "68",
        "type": "bigint"
      },
      {
        "name": "69",
        "type": "bigint"
      },
      {
        "name": "70",
        "type": "bigint"
      },
      {
        "name": "71",
        "type": "bigint"
      },
      {
        "name": "72",
        "type": "bigint"
      },
      {
        "name": "73",
        "type": "bigint"
      },
      {
        "name": "74",
        "type": "bigint"
      },
      {
        "name": "75",
        "type": "bigint"
      },
      {
        "name": "76",
        "type": "bigint"
      },
      {
        "name": "77",
        "type": "bigint"
      },
      {
        "name": "78",
        "type": "bigint"
      },
      {
        "name": "79",
        "type": "bigint"
      },
      {
        "name": "80",
        "type": "bigint"
      },
      {
        "name": "81",
        "type": "bigint"
      },
      {
        "name": "82",
        "type": "bigint"
      },
      {
        "name": "83",
        "type": "bigint"
      },
      {
        "name": "84",
        "type": "bigint"
      },
      {
        "name": "85",
        "type": "bigint"
      },
      {
        "name": "86",
        "type": "bigint"
      },
      {
        "name": "87",
        "type": "bigint"
      },
      {
        "name": "88",
        "type": "bigint"
      },
      {
        "name": "89",
        "type": "bigint"
      },
      {
        "name": "90",
        "type": "bigint"
      },
      {
        "name": "91",
        "type": "bigint"
      },
      {
        "name": "92",
        "type": "bigint"
      },
      {
        "name": "93",
        "type": "bigint"
      },
      {
        "name": "94",
        "type": "bigint"
      },
      {
        "name": "95",
        "type": "bigint"
      },
      {
        "name": "96",
        "type": "bigint"
      },
      {
        "name": "97",
        "type": "bigint"
      },
      {
        "name": "98",
        "type": "bigint"
      },
      {
        "name": "99",
        "type": "bigint"
      },
      {
        "name": "100",
        "type": "bigint"
      },
      {
        "name": "101",
        "type": "bigint"
      },
      {
        "name": "102",
        "type": "bigint"
      },
      {
        "name": "103",
        "type": "bigint"
      },
      {
        "name": "104",
        "type": "bigint"
      },
      {
        "name": "105",
        "type": "bigint"
      },
      {
        "name": "106",
        "type": "bigint"
      },
      {
        "name": "107",
        "type": "bigint"
      },
      {
        "name": "108",
        "type": "bigint"
      },
      {
        "name": "109",
        "type": "bigint"
      },
      {
        "name": "110",
        "type": "bigint"
      },
      {
        "name": "111",
        "type": "bigint"
      },
      {
        "name": "112",
        "type": "bigint"
      },
      {
        "name": "113",
        "type": "bigint"
      },
      {
        "name": "114",
        "type": "bigint"
      },
      {
        "name": "115",
        "type": "bigint"
      },
      {
        "name": "116",
        "type": "bigint"
      },
      {
        "name": "117",
        "type": "bigint"
      },
      {
        "name": "118",
        "type": "bigint"
      },
      {
        "name": "119",
        "type": "bigint"
      },
      {
        "name": "120",
        "type": "bigint"
      },
      {
        "name": "121",
        "type": "bigint"
      },
      {
        "name": "122",
        "type": "bigint"
      },
      {
        "name": "123",
        "type": "bigint"
      },
      {
        "name": "124",
        "type": "bigint"
      },
      {
        "name": "125",
        "type": "bigint"
      },
      {
        "name": "126",
        "type": "bigint"
      },
      {
        "name": "127",
        "type": "bigint"
      }
    ],
    "userModified": false
  },
  "metrics": {
    "probes": [
      {
        "type": "basic",
        "enabled": true,
        "computeOnBuildMode": "PARTITION",
        "meta": {
          "name": "Basic data",
          "level": 0
        },
        "configuration": {}
      },
      {
        "type": "records",
        "enabled": true,
        "computeOnBuildMode": "NO",
        "meta": {
          "name": "Record count",
          "level": 0
        },
        "configuration": {}
      }
    ],
    "engineConfig": {
      "padRunsWithMetrics": false,
      "hive": {
        "active": true,
        "extraConf": []
      },
      "basic": {},
      "dss": {
        "active": true,
        "selection": {
          "useMemTable": false,
          "filter": {
            "distinct": false,
            "enabled": false
          },
          "partitionSelectionMethod": "ALL",
          "latestPartitionsN": 1,
          "ordering": {
            "enabled": false,
            "rules": []
          },
          "samplingMethod": "FULL",
          "maxRecords": -1,
          "targetRatio": 0.02,
          "withinFirstN": -1,
          "maxReadUncompressedBytes": -1
        }
      },
      "sql": {
        "active": true
      },
      "impala": {
        "active": true
      },
      "spark": {
        "active": true,
        "extraConf": []
      },
      "python": {}
    },
    "displayedState": {
      "columns": [],
      "metrics": [
        "basic:COUNT_COLUMNS",
        "basic:COUNT_FILES",
        "basic:SIZE",
        "records:COUNT_RECORDS"
      ]
    }
  },
  "metricsChecks": {
    "runOnBuild": false,
    "checks": [],
    "displayedState": {
      "checks": []
    }
  },
  "customFields": {}
}